-- ====================================================================
--  ООО «МирИгрушек» — БД демонстрационного экзамена 09.02.07-2-2026
--  Сгенерировано автоматически из import/*.xlsx. Кодировка: utf8mb4.
-- ====================================================================
SET NAMES utf8mb4;
SET FOREIGN_KEY_CHECKS = 0;
DROP DATABASE IF EXISTS mirigrushek;
CREATE DATABASE mirigrushek CHARACTER SET utf8mb4 COLLATE utf8mb4_unicode_ci;
USE mirigrushek;

-- ---------- Справочники ----------
CREATE TABLE Roles (
  id   INT AUTO_INCREMENT PRIMARY KEY,
  name VARCHAR(100) NOT NULL UNIQUE
) ENGINE=InnoDB;

CREATE TABLE Categories (
  id   INT AUTO_INCREMENT PRIMARY KEY,
  name VARCHAR(150) NOT NULL UNIQUE
) ENGINE=InnoDB;

CREATE TABLE Suppliers (
  id   INT AUTO_INCREMENT PRIMARY KEY,
  name VARCHAR(150) NOT NULL UNIQUE
) ENGINE=InnoDB;

CREATE TABLE Manufacturers (
  id   INT AUTO_INCREMENT PRIMARY KEY,
  name VARCHAR(150) NOT NULL UNIQUE
) ENGINE=InnoDB;

CREATE TABLE Units (
  id   INT AUTO_INCREMENT PRIMARY KEY,
  name VARCHAR(50) NOT NULL UNIQUE
) ENGINE=InnoDB;

CREATE TABLE OrderStatuses (
  id   INT AUTO_INCREMENT PRIMARY KEY,
  name VARCHAR(50) NOT NULL UNIQUE
) ENGINE=InnoDB;

CREATE TABLE PickupPoints (
  id      INT AUTO_INCREMENT PRIMARY KEY,
  address VARCHAR(255) NOT NULL
) ENGINE=InnoDB;

-- ---------- Пользователи ----------
CREATE TABLE Users (
  id        INT AUTO_INCREMENT PRIMARY KEY,
  role_id   INT NOT NULL,
  full_name VARCHAR(200) NOT NULL,
  login     VARCHAR(150) NOT NULL UNIQUE,
  password  VARCHAR(150) NOT NULL,
  CONSTRAINT fk_users_role FOREIGN KEY (role_id) REFERENCES Roles(id)
) ENGINE=InnoDB;

-- ---------- Товары ----------
CREATE TABLE Products (
  article         VARCHAR(20) PRIMARY KEY,
  name            VARCHAR(500) NOT NULL,
  unit_id         INT NOT NULL,
  price           DECIMAL(10,2) NOT NULL CHECK (price >= 0),
  supplier_id     INT NOT NULL,
  manufacturer_id INT NOT NULL,
  category_id     INT NOT NULL,
  discount        INT NOT NULL DEFAULT 0 CHECK (discount >= 0),
  stock_qty       INT NOT NULL DEFAULT 0 CHECK (stock_qty >= 0),
  description     TEXT,
  photo           VARCHAR(255),
  CONSTRAINT fk_prod_unit FOREIGN KEY (unit_id)         REFERENCES Units(id),
  CONSTRAINT fk_prod_sup  FOREIGN KEY (supplier_id)     REFERENCES Suppliers(id),
  CONSTRAINT fk_prod_man  FOREIGN KEY (manufacturer_id) REFERENCES Manufacturers(id),
  CONSTRAINT fk_prod_cat  FOREIGN KEY (category_id)     REFERENCES Categories(id)
) ENGINE=InnoDB;

-- ---------- Заказы ----------
CREATE TABLE Orders (
  id             INT AUTO_INCREMENT PRIMARY KEY,
  order_date     DATE,
  delivery_date  DATE,
  pickup_point_id INT,
  client_user_id INT,
  receive_code   VARCHAR(20),
  status_id      INT NOT NULL,
  CONSTRAINT fk_ord_point  FOREIGN KEY (pickup_point_id) REFERENCES PickupPoints(id),
  CONSTRAINT fk_ord_client FOREIGN KEY (client_user_id)  REFERENCES Users(id),
  CONSTRAINT fk_ord_status FOREIGN KEY (status_id)       REFERENCES OrderStatuses(id)
) ENGINE=InnoDB;

CREATE TABLE OrderItems (
  id              INT AUTO_INCREMENT PRIMARY KEY,
  order_id        INT NOT NULL,
  product_article VARCHAR(20) NOT NULL,
  quantity        INT NOT NULL CHECK (quantity > 0),
  CONSTRAINT fk_oi_order   FOREIGN KEY (order_id)        REFERENCES Orders(id) ON DELETE CASCADE,
  CONSTRAINT fk_oi_product FOREIGN KEY (product_article) REFERENCES Products(article)
) ENGINE=InnoDB;

-- ---------- Данные справочников ----------
INSERT INTO Roles (id, name) VALUES
  (1, 'Администратор'),
  (2, 'Менеджер'),
  (3, 'Авторизированный клиент');

INSERT INTO Categories (id, name) VALUES
  (1, 'Игровой набор'),
  (2, 'Конструктор'),
  (3, 'Детский музыкальный инструмент'),
  (4, 'Машинка');

INSERT INTO Suppliers (id, name) VALUES
  (1, 'Pikeshop'),
  (2, 'Playbig'),
  (3, 'Knauf'),
  (4, 'CHILITOY'),
  (5, 'Vinylon');

INSERT INTO Manufacturers (id, name) VALUES
  (1, 'ABSпластик'),
  (2, 'BambiniFelici'),
  (3, 'Junion');

INSERT INTO Units (id, name) VALUES
  (1, 'шт.');

INSERT INTO OrderStatuses (id, name) VALUES
  (1, 'Завершен'),
  (2, 'Новый');

INSERT INTO PickupPoints (id, address) VALUES
  (1, '420151, г. Лесной, ул. Вишневая, 32'),
  (2, '125061, г. Лесной, ул. Подгорная, 8'),
  (3, '630370, г. Лесной, ул. Шоссейная, 24'),
  (4, '400562, г. Лесной, ул. Зеленая, 32'),
  (5, '614510, г. Лесной, ул. Маяковского, 47'),
  (6, '410542, г. Лесной, ул. Светлая, 46'),
  (7, '620839, г. Лесной, ул. Цветочная, 8'),
  (8, '443890, г. Лесной, ул. Коммунистическая, 1'),
  (9, '603379, г. Лесной, ул. Спортивная, 46'),
  (10, '603721, г. Лесной, ул. Гоголя, 41'),
  (11, '410172, г. Лесной, ул. Северная, 13'),
  (12, '614611, г. Лесной, ул. Молодежная, 50'),
  (13, '454311, г.Лесной, ул. Новая, 19'),
  (14, '660007, г.Лесной, ул. Октябрьская, 19'),
  (15, '603036, г. Лесной, ул. Садовая, 4'),
  (16, '394060, г.Лесной, ул. Фрунзе, 43'),
  (17, '410661, г. Лесной, ул. Школьная, 50'),
  (18, '625590, г. Лесной, ул. Коммунистическая, 20'),
  (19, '625683, г. Лесной, ул. 8 Марта'),
  (20, '450983, г.Лесной, ул. Комсомольская, 26'),
  (21, '394782, г. Лесной, ул. Чехова, 3'),
  (22, '603002, г. Лесной, ул. Дзержинского, 28'),
  (23, '450558, г. Лесной, ул. Набережная, 30'),
  (24, '344288, г. Лесной, ул. Чехова, 1'),
  (25, '614164, г.Лесной,  ул. Степная, 30'),
  (26, '394242, г. Лесной, ул. Коммунистическая, 43'),
  (27, '660540, г. Лесной, ул. Солнечная, 25'),
  (28, '125837, г. Лесной, ул. Шоссейная, 40'),
  (29, '125703, г. Лесной, ул. Партизанская, 49'),
  (30, '625283, г. Лесной, ул. Победы, 46'),
  (31, '614753, г. Лесной, ул. Полевая, 35'),
  (32, '426030, г. Лесной, ул. Маяковского, 44'),
  (33, '450375, г. Лесной ул. Клубная, 44'),
  (34, '625560, г. Лесной, ул. Некрасова, 12'),
  (35, '630201, г. Лесной, ул. Комсомольская, 17'),
  (36, '190949, г. Лесной, ул. Мичурина, 26');

-- ---------- Пользователи (логины по заданию, пароль = Xmpl123!) ----------
INSERT INTO Users (id, role_id, full_name, login, password) VALUES
  (1, 1, 'Ворсин Петр Евгеньевич', '94d5ous@gmail.com', 'Xmpl123!'),
  (2, 1, 'Старикова Елена Павловна', 'uth4iz@mail.com', 'Xmpl123!'),
  (3, 1, 'Одинцов Серафим Артёмович', 'yzls62@outlook.com', 'Xmpl123!'),
  (4, 2, 'Михайлюк Анна Вячеславовна', '1diph5e@tutanota.com', 'Xmpl123!'),
  (5, 2, 'Ситдикова Елена Анатольевна', 'tjde7c@yahoo.com', 'Xmpl123!'),
  (6, 2, 'Никифорова Весения Николаевна', 'wpmrc3do@tutanota.com', 'Xmpl123!'),
  (7, 3, 'Степанов Михаил Артёмович', '5d4zbu@tutanota.com', 'Xmpl123!'),
  (8, 3, 'Ворсин Петр Евгеньевич', 'ptec8ym@yahoo.com', 'Xmpl123!'),
  (9, 3, 'Старикова Елена Павловна', '1qz4kw@mail.com', 'Xmpl123!'),
  (10, 3, 'Сазонов Руслан Германович', '4np6se@mail.com', 'Xmpl123!');

-- ---------- Товары ----------
INSERT INTO Products (article, name, unit_id, price, supplier_id, manufacturer_id, category_id, discount, stock_qty, description, photo) VALUES
  ('PMEZMH', 'Детский игровой набор машинок Щенячий патруль / Dogs mini . 9 героев + 9 инерфионных машинок', 1, 1414, 1, 1, 1, 22, 50, 'Детский набор машинок с героями мультсериала «Щенячий патруль» подойдет как для мальчиков, так и для девочек. В детский набор входит 9 фигурок щенков спасателей.', '1.jpg'),
  ('BPV4MM', 'Конструктор Гарри Поттер Сова Букля 630 деталей совместим с lego harry potter, лего совместимый)', 1, 771, 2, 1, 2, 15, 26, 'Коллекционная модель Букля состоит из множества потрясающих элементов, а также специального механизма внутри. С его помощью можно плавно поднимать-опускать крылья птицы.', '2.jpg'),
  ('JVL42J', 'Музыкальные инструменты для детей, ксилофон, барабаны, развивающие игрушки, игрушки для детей', 1, 2750, 2, 2, 3, 15, 0, 'Откройте мир музыки для вашего ребенка с этой уникальной игрушкой! Это многофункциональное музыкальное чудо объединяет в себе всё, что нужно для творческого развития.', '3.jpg'),
  ('F895RB', 'Машинка игрушка диско шар светящаяся музыкальная', 1, 368, 3, 1, 4, 6, 7, 'Светящаяся музыкальная машина с диско шаром переливается разными цветами, играет ритмичные мелодии, объезжает препятствия и крутится, поэтому с ней точно не будет скучно.', '4.jpg'),
  ('3XBOTN', 'Игровой набор Hot Wheels Action Loop Cyclone Challenge Track, с машинкой и удобным хранением, HTK16', 1, 3426, 3, 2, 1, 10, 21, 'Игровой набор Hot Wheels Action Loop Cyclone Challenge Track - это уникальная игра, которая позволит вам испытать себя и своих друзей в скорости и ловкости. Этот набор состоит из металлической дорожки с циклоном, которая создает потрясающий эффект и добавляет дополнительную сложность в игру.', '5.jpg'),
  ('3L7RCZ', 'Игровой набор с деревянными машинками Стройплощадка Кран-Паркс, Junion', 1, 7400, 3, 3, 1, 15, 0, 'Игровой набор «Стройплощадка Кран-Паркс Junion» — это большая игрушечная парковка с деревянными машинками и настоящим подъёмным краном, придуманная в Яндексе настоящими родителями.', '6.jpg'),
  ('S72AM3', 'Синтезатор детский с микрофоном 61 клавиша', 1, 1749, 4, 3, 3, 10, 35, 'Откройте для ребенка дверь в мир музыки с детским синтезатором! Этот компактный инструмент с микрофоном станет верным другом для юных музыкантов, помогая им развивать творческий потенциал и получать удовольствие от игры.', '7.jpg'),
  ('2G3280', 'Деревянный игровой набор JUNION Стройплощадка "Кран-Паркс" с подъёмным, строительным краном и машинками, 18 предметов, подвижные элементы', 1, 1624, 5, 3, 1, 9, 20, 'Игровой набор «Стройплощадка Кран-Паркс Junion» — это большая игрушечная парковка с деревянными машинками и настоящим подъёмным краном, придуманная в Яндексе настоящими родителями.', '8.jpg'),
  ('MIO8YV', 'Музыкальная игрушка интерактивная Пульт, детский прорезыватель для малышей', 1, 305, 5, 2, 3, 9, 31, 'Музыкальная игрушка интерактивная Пульт, детский прорезыватель для малышей', '9.jpg'),
  ('UER2QD', 'Большой набор опытов и экспериментов для детей 14 в 1', 1, 2506, 5, 2, 1, 8, 27, 'Большой набор опытов и экспериментов для детей 14 в 1', '10.jpg');

-- ---------- Заказы и состав заказов ----------
INSERT INTO Orders (id, order_date, delivery_date, pickup_point_id, client_user_id, receive_code, status_id) VALUES
  (1, '2025-02-27', '2025-04-20', 1, 7, '901', 1),
  (2, '2024-09-28', '2025-04-21', 11, 8, '902', 1),
  (3, '2025-03-21', '2025-04-22', 2, 9, '903', 1),
  (4, '2025-02-20', '2025-04-23', 11, 10, '904', 1),
  (5, '2025-03-17', '2025-04-24', 2, 7, '905', 1),
  (6, '2025-03-01', '2025-04-25', 15, 8, '906', 1),
  (7, NULL, '2025-04-26', 3, 9, '907', 1),
  (8, '2025-03-31', '2025-04-27', 19, 10, '908', 2),
  (9, '2025-04-02', '2025-04-28', 5, 9, '909', 2),
  (10, '2025-04-03', '2025-04-29', 19, 10, '910', 2);

INSERT INTO OrderItems (order_id, product_article, quantity) VALUES
  (1, 'PMEZMH', 2),
  (1, 'BPV4MM', 2),
  (2, 'JVL42J', 1),
  (2, 'F895RB', 1),
  (3, '3XBOTN', 10),
  (3, '3L7RCZ', 10),
  (4, 'S72AM3', 5),
  (4, '2G3280', 4),
  (5, 'MIO8YV', 2),
  (5, 'UER2QD', 2),
  (6, 'PMEZMH', 2),
  (6, 'BPV4MM', 2),
  (7, 'JVL42J', 1),
  (7, 'F895RB', 1),
  (8, '3XBOTN', 10),
  (8, '3L7RCZ', 10),
  (9, 'S72AM3', 5),
  (9, '2G3280', 4),
  (10, 'MIO8YV', 2),
  (10, 'UER2QD', 2);

SET FOREIGN_KEY_CHECKS = 1;

-- ====================================================================
--  Пользователь root: доступ отовсюду, все привилегии (для Workbench)
-- ====================================================================
ALTER USER 'root'@'localhost' IDENTIFIED WITH caching_sha2_password BY 'Xmpl123!';
CREATE USER IF NOT EXISTS 'root'@'%' IDENTIFIED WITH caching_sha2_password BY 'Xmpl123!';
ALTER USER 'root'@'%' IDENTIFIED WITH caching_sha2_password BY 'Xmpl123!';
GRANT ALL PRIVILEGES ON *.* TO 'root'@'localhost' WITH GRANT OPTION;
GRANT ALL PRIVILEGES ON *.* TO 'root'@'%' WITH GRANT OPTION;
FLUSH PRIVILEGES;